"","links","keep"
"93","https://www.reddit.com/r/Overwatch/comments/7ecf6s/overwatch_ptr_patch_notes_november_20_2017/",TRUE
"138","https://www.reddit.com/r/Overwatch/comments/7e6hwn/weekly_trash_talk_thread_november_20_2017/",TRUE
"147","https://www.reddit.com/r/Overwatch/comments/7elk7v/la_gladiators_coaches_ama_rcompetitiveoverwatch/",TRUE
"156","https://www.reddit.com/r/Overwatch/comments/7ej16s/earth_shatter_hang_time_level_michael_jordan/",TRUE
"165","https://www.reddit.com/r/Overwatch/comments/7eiozn/world_of_tanks/",TRUE
"174","https://www.reddit.com/r/Overwatch/comments/7ekhzc/2_small_changes_to_dva_that_would_buff_every_hero/",TRUE
"183","https://www.reddit.com/r/Overwatch/comments/7ei3ol/of_all_the_things_to_make_unbreakable/",TRUE
"192","https://www.reddit.com/r/Overwatch/comments/7eiz4f/just_wanted_to_say_thanks_to_all_the_ragequitters/",TRUE
"201","https://www.reddit.com/r/Overwatch/comments/7enawi/moiras_nerf_is_an_uninteded_bug_in_a_new_lock_on/",TRUE
"210","https://www.reddit.com/r/Overwatch/comments/7eguig/blizzard_worlds_binoculars_are_a_bit_dangerous/",TRUE
"219","https://www.reddit.com/r/Overwatch/comments/7egyzo/on_ptr_you_can_set_instant_and_infinite_ult/",TRUE
"228","https://www.reddit.com/r/Overwatch/comments/7em4yd/why_do_we_have_a_mod_that_seems_to_abuse_power/",TRUE
"237","https://www.reddit.com/r/Overwatch/comments/7ejxgi/1v6_never_give_up_never_surrender/",TRUE
"246","https://www.reddit.com/r/Overwatch/comments/7ekhv8/bad_things_happen_when_you_electrocute_a_pig_8/",TRUE
"255","https://www.reddit.com/r/Overwatch/comments/7ehggd/dva_kills_her_teammate/",TRUE
"264","https://www.reddit.com/r/Overwatch/comments/7eit9k/i_slept_with_your_mother_accurate_statement/",TRUE
"273","https://www.reddit.com/r/Overwatch/comments/7ej0wt/when_mercy_and_moira_work_together/",TRUE
"282","https://www.reddit.com/r/Overwatch/comments/7elu36/indeed_tracer_lets_try_that_again/",TRUE
"291","https://www.reddit.com/r/Overwatch/comments/7eh4yp/5v6_but_you_refuse_to_give_up/",TRUE
"300","https://www.reddit.com/r/Overwatch/comments/7egbkn/to_all_you_haters_out_there_that_say_mercys_cant/",TRUE
"309","https://www.reddit.com/r/Overwatch/comments/7ehv5h/doomfisted_is_the_new_term_for_nerfed/",TRUE
"318","https://www.reddit.com/r/Overwatch/comments/7em12g/belgium_says_loot_boxes_are_gambling_wants_them/",TRUE
"327","https://www.reddit.com/r/Overwatch/comments/7ehlrl/please_let_the_moira_nerf_be_a_bug/",TRUE
"337","https://www.reddit.com/r/Overwatch/comments/7el264/bug_fix_moira_can_now_target_torb_turrets_with/",TRUE
"342","https://www.reddit.com/r/Overwatch/comments/6v4l4r/super_crazy_leak/dlxkl5u/",TRUE
"343","https://www.reddit.com/r/Overwatch/comments/6v4l4r/super_crazy_leak/dlxkl5u/",TRUE
"346","https://www.reddit.com/r/Overwatch/comments/7ejt4h/someone_leaked_blizzard_worlds_release_three/",TRUE
"355","https://www.reddit.com/r/Overwatch/comments/7eh7wc/the_best_attraction_of_blizzard_world_is_in_the/",TRUE
"364","https://www.reddit.com/r/Overwatch/comments/7emxhn/yesterday_was_my_first_time_playing_overwatch/",TRUE
"373","https://www.reddit.com/r/Overwatch/comments/7eksrj/i_truly_dont_feel_like_moiras_nerfs_should_go/",TRUE
