"","links"
"1","#content"
"2","https://www.reddit.com/subreddits/"
"3","https://www.reddit.com/r/popular/"
"4","https://www.reddit.com/r/all/"
"5","https://www.reddit.com/r/random/"
"6","https://www.reddit.com/users/"
"7","https://www.reddit.com/r/AskReddit/"
"8","https://www.reddit.com/r/news/"
"9","https://www.reddit.com/r/worldnews/"
"10","https://www.reddit.com/r/gaming/"
"11","https://www.reddit.com/r/funny/"
"12","https://www.reddit.com/r/todayilearned/"
"13","https://www.reddit.com/r/pics/"
"14","https://www.reddit.com/r/gifs/"
"15","https://www.reddit.com/r/videos/"
"16","https://www.reddit.com/r/movies/"
"17","https://www.reddit.com/r/aww/"
"18","https://www.reddit.com/r/television/"
"19","https://www.reddit.com/r/IAmA/"
"20","https://www.reddit.com/r/Showerthoughts/"
"21","https://www.reddit.com/r/mildlyinteresting/"
"22","https://www.reddit.com/r/Jokes/"
"23","https://www.reddit.com/r/nottheonion/"
"24","https://www.reddit.com/r/OldSchoolCool/"
"25","https://www.reddit.com/r/Futurology/"
"26","https://www.reddit.com/r/books/"
"27","https://www.reddit.com/r/sports/"
"28","https://www.reddit.com/r/science/"
"29","https://www.reddit.com/r/space/"
"30","https://www.reddit.com/r/explainlikeimfive/"
"31","https://www.reddit.com/r/EarthPorn/"
"32","https://www.reddit.com/r/tifu/"
"33","https://www.reddit.com/r/food/"
"34","https://www.reddit.com/r/Music/"
"35","https://www.reddit.com/r/history/"
"36","https://www.reddit.com/r/dataisbeautiful/"
"37","https://www.reddit.com/r/personalfinance/"
"38","https://www.reddit.com/r/UpliftingNews/"
"39","https://www.reddit.com/r/LifeProTips/"
"40","https://www.reddit.com/r/GetMotivated/"
"41","https://www.reddit.com/r/TwoXChromosomes/"
"42","https://www.reddit.com/r/listentothis/"
"43","https://www.reddit.com/r/photoshopbattles/"
"44","https://www.reddit.com/r/WritingPrompts/"
"45","https://www.reddit.com/r/Documentaries/"
"46","https://www.reddit.com/r/Art/"
"47","https://www.reddit.com/r/nosleep/"
"48","https://www.reddit.com/r/DIY/"
"49","https://www.reddit.com/r/blog/"
"50","https://www.reddit.com/r/gadgets/"
"51","https://www.reddit.com/r/askscience/"
"52","https://www.reddit.com/r/creepy/"
"53","https://www.reddit.com/r/philosophy/"
"54","https://www.reddit.com/r/announcements/"
"55","https://www.reddit.com/r/InternetIsBeautiful/"
"56","https://www.reddit.com/subreddits/"
"57","https://www.reddit.com/"
"58","https://www.reddit.com/r/Overwatch/"
"59","https://www.reddit.com/r/Overwatch/"
"60","https://www.reddit.com/r/Overwatch/new/"
"61","https://www.reddit.com/r/Overwatch/rising/"
"62","https://www.reddit.com/r/Overwatch/controversial/"
"63","https://www.reddit.com/r/Overwatch/top/"
"64","https://www.reddit.com/r/Overwatch/gilded/"
"65","https://www.reddit.com/r/Overwatch/wiki/"
"66","https://www.reddit.com/login"
"67","javascript:void(0)"
"68","https://www.reddit.com/wiki/search"
"69","https://www.reddit.com/wiki/search"
"70","/password"
"71","https://www.reddit.com/r/Overwatch/submit"
"72","https://www.reddit.com/r/Overwatch/submit?selftext=true"
"73","https://www.reddit.com/r/Overwatch/"
"74","#"
"75","#"
"76","#gtm-jail"
"77","#content"
"78","#header"
"79","#sorry"
"80","//r-ow.com/u/playoverwatch"
"81","//r-ow.com/filter/#s=a"
"82","//r-ow.com/filter/#h=a"
"83","//r-ow.com/filter/#s=b"
"84","//r-ow.com/filter/#h=b"
"85","//r-ow.com/filter/#s=c"
"86","//r-ow.com/filter/#h=c"
"87","//r-ow.com/filter/#s=d"
"88","//r-ow.com/filter/#h=d"
"89","//r-ow.com/filter/#s=e"
"90","//r-ow.com/filter/#h=e"
"91","//r-ow.com/filter/#s=f"
"92","//r-ow.com/filter/#h=f"
"93","https://www.reddit.com/r/Overwatch/comments/7ecf6s/overwatch_ptr_patch_notes_november_20_2017/"
"94","https://www.reddit.com/live/zvs5vyofgkn2"
"95","https://www.youtube.com/watch?v=6ETybQd4uRE&list=PLAYFVhxsaqDt4d3tsyvqZg4CvrHC7pPe2"
"96","/r/overwatch/wiki/rules"
"97","http://r-ow.com/u/related-subreddits"
"98","//r-ow.com/u/d"
"99","http://r-ow.com/u/comp7"
"100","http://r-ow.com/u/zonqflairs"
"101","/message/compose/?to=%2Fr%2FOverwatch&subject=%2Fr%2FOverwatch%20Feedback"
"102","http://r-ow.com/u/faq"
"103","http://r-ow.com/u/7e"
"104","//twitch.tv/theoverguard"
"105","http://r-ow.com/u/7d"
"106","//twitch.tv/playoverwatch"
"107","/message/compose/?to=%2Fr%2FOverwatch&subject=%2Fr%2FOverwatch%20Event%20Request"
"108","/r/wow"
"109","/r/diablo"
"110","/r/starcraft"
"111","/r/hearthstone"
"112","/r/heroesofthestorm"
"113","//reddit.com/r/Overwatch"
"114","#/RES_SR_Config/NightModeCompatible"
"115","#null"
"116","#null"
"117","https://www.reddit.com/user/AlexCail"
"118","/message/compose?to=%2Fr%2FOverwatch"
"119","https://www.reddit.com/user/AlexCail"
"120","https://www.reddit.com/user/zonq"
"121","https://www.reddit.com/user/turikk"
"122","https://www.reddit.com/user/AutoModerator"
"123","https://www.reddit.com/user/SpriteGuy_000"
"124","https://www.reddit.com/user/BoozyPelican"
"125","https://www.reddit.com/user/FuriousNarwall"
"126","https://www.reddit.com/user/owbot"
"127","https://www.reddit.com/user/Scary_Tree"
"128","https://www.reddit.com/user/TooManySnipers"
"129","/r/Overwatch/about/moderators"
"130",NA
"131","/login"
"132","#"
"133","/r/Overwatch/comments/7e6hwn/weekly_trash_talk_thread_november_20_2017/"
"134","/r/Overwatch/comments/7e6hwn/weekly_trash_talk_thread_november_20_2017/"
"135","/r/Overwatch/"
"136","https://www.reddit.com/user/AutoModerator"
"137","/r/Overwatch/about/moderators"
"138","https://www.reddit.com/r/Overwatch/comments/7e6hwn/weekly_trash_talk_thread_november_20_2017/"
"139","javascript: void 0;"
"140","#"
"141","javascript:void(0)"
"142","javascript:void(0)"
"143","https://www.reddit.com/r/Competitiveoverwatch/comments/7elius/la_gladiators_coaches_david_and_tim_ask_us/"
"144","https://www.reddit.com/r/Competitiveoverwatch/comments/7elius/la_gladiators_coaches_david_and_tim_ask_us/"
"145","/domain/reddit.com/"
"146","https://www.reddit.com/user/ltpirate"
"147","https://www.reddit.com/r/Overwatch/comments/7elk7v/la_gladiators_coaches_ama_rcompetitiveoverwatch/"
"148","javascript: void 0;"
"149","#"
"150","javascript:void(0)"
"151","javascript:void(0)"
"152","https://gfycat.com/FrailConsciousBandicoot"
"153","https://gfycat.com/FrailConsciousBandicoot"
"154","/domain/gfycat.com/"
"155","https://www.reddit.com/user/ncunningham95"
"156","https://www.reddit.com/r/Overwatch/comments/7ej16s/earth_shatter_hang_time_level_michael_jordan/"
"157","javascript: void 0;"
"158","#"
"159","javascript:void(0)"
"160","javascript:void(0)"
"161","https://gfycat.com/academicmadeupalaskankleekai"
"162","https://gfycat.com/academicmadeupalaskankleekai"
"163","/domain/gfycat.com/"
"164","https://www.reddit.com/user/Germanjunkie69"
"165","https://www.reddit.com/r/Overwatch/comments/7eiozn/world_of_tanks/"
"166","javascript: void 0;"
"167","#"
"168","javascript:void(0)"
"169","javascript:void(0)"
"170","/r/Overwatch/comments/7ekhzc/2_small_changes_to_dva_that_would_buff_every_hero/"
"171","/r/Overwatch/comments/7ekhzc/2_small_changes_to_dva_that_would_buff_every_hero/"
"172","/r/Overwatch/"
"173","https://www.reddit.com/user/fromdiggwithlove"
"174","https://www.reddit.com/r/Overwatch/comments/7ekhzc/2_small_changes_to_dva_that_would_buff_every_hero/"
"175","javascript: void 0;"
"176","#"
"177","javascript:void(0)"
"178","javascript:void(0)"
"179","https://gfycat.com/SpectacularFlusteredClingfish"
"180","https://gfycat.com/SpectacularFlusteredClingfish"
"181","/domain/gfycat.com/"
"182","https://www.reddit.com/user/TheInfiniteStare"
"183","https://www.reddit.com/r/Overwatch/comments/7ei3ol/of_all_the_things_to_make_unbreakable/"
"184","javascript: void 0;"
"185","#"
"186","javascript:void(0)"
"187","javascript:void(0)"
"188","/r/Overwatch/comments/7eiz4f/just_wanted_to_say_thanks_to_all_the_ragequitters/"
"189","/r/Overwatch/comments/7eiz4f/just_wanted_to_say_thanks_to_all_the_ragequitters/"
"190","/r/Overwatch/"
"191","https://www.reddit.com/user/robolink"
"192","https://www.reddit.com/r/Overwatch/comments/7eiz4f/just_wanted_to_say_thanks_to_all_the_ragequitters/"
"193","javascript: void 0;"
"194","#"
"195","javascript:void(0)"
"196","javascript:void(0)"
"197","https://us.battle.net/forums/en/overwatch/topic/20759636379?page=23#post-455"
"198","https://us.battle.net/forums/en/overwatch/topic/20759636379?page=23#post-455"
"199","/domain/us.battle.net/"
"200","https://www.reddit.com/user/K4grenac"
"201","https://www.reddit.com/r/Overwatch/comments/7enawi/moiras_nerf_is_an_uninteded_bug_in_a_new_lock_on/"
"202","javascript: void 0;"
"203","#"
"204","javascript:void(0)"
"205","javascript:void(0)"
"206","https://www.youtube.com/watch?v=KOKr2RNgwsA"
"207","https://www.youtube.com/watch?v=KOKr2RNgwsA"
"208","/domain/youtube.com/"
"209","https://www.reddit.com/user/Muttamon"
"210","https://www.reddit.com/r/Overwatch/comments/7eguig/blizzard_worlds_binoculars_are_a_bit_dangerous/"
"211","javascript: void 0;"
"212","#"
"213","javascript:void(0)"
"214","javascript:void(0)"
"215","https://gfycat.com/BouncyHopefulIguanodon"
"216","https://gfycat.com/BouncyHopefulIguanodon"
"217","/domain/gfycat.com/"
"218","https://www.reddit.com/user/XTeKoX"
"219","https://www.reddit.com/r/Overwatch/comments/7egyzo/on_ptr_you_can_set_instant_and_infinite_ult/"
"220","javascript: void 0;"
"221","#"
"222","javascript:void(0)"
"223","javascript:void(0)"
"224","/r/Overwatch/comments/7em4yd/why_do_we_have_a_mod_that_seems_to_abuse_power/"
"225","/r/Overwatch/comments/7em4yd/why_do_we_have_a_mod_that_seems_to_abuse_power/"
"226","/r/Overwatch/"
"227","https://www.reddit.com/user/Orangecabbage"
"228","https://www.reddit.com/r/Overwatch/comments/7em4yd/why_do_we_have_a_mod_that_seems_to_abuse_power/"
"229","javascript: void 0;"
"230","#"
"231","javascript:void(0)"
"232","javascript:void(0)"
"233","https://gfycat.com/gifs/detail/BigAlarmedAmericancrow"
"234","https://gfycat.com/gifs/detail/BigAlarmedAmericancrow"
"235","/domain/gfycat.com/"
"236","https://www.reddit.com/user/Rosa_Mesta"
"237","https://www.reddit.com/r/Overwatch/comments/7ejxgi/1v6_never_give_up_never_surrender/"
"238","javascript: void 0;"
"239","#"
"240","javascript:void(0)"
"241","javascript:void(0)"
"242","https://gfycat.com/TimelySmugLemming"
"243","https://gfycat.com/TimelySmugLemming"
"244","/domain/gfycat.com/"
"245","https://www.reddit.com/user/072888902"
"246","https://www.reddit.com/r/Overwatch/comments/7ekhv8/bad_things_happen_when_you_electrocute_a_pig_8/"
"247","javascript: void 0;"
"248","#"
"249","javascript:void(0)"
"250","javascript:void(0)"
"251","https://gfycat.com/LeadingMealyFulmar"
"252","https://gfycat.com/LeadingMealyFulmar"
"253","/domain/gfycat.com/"
"254","https://www.reddit.com/user/-NotFBI"
"255","https://www.reddit.com/r/Overwatch/comments/7ehggd/dva_kills_her_teammate/"
"256","javascript: void 0;"
"257","#"
"258","javascript:void(0)"
"259","javascript:void(0)"
"260","/r/Overwatch/comments/7eit9k/i_slept_with_your_mother_accurate_statement/"
"261","/r/Overwatch/comments/7eit9k/i_slept_with_your_mother_accurate_statement/"
"262","/r/Overwatch/"
"263","https://www.reddit.com/user/Bullgrit"
"264","https://www.reddit.com/r/Overwatch/comments/7eit9k/i_slept_with_your_mother_accurate_statement/"
"265","javascript: void 0;"
"266","#"
"267","javascript:void(0)"
"268","javascript:void(0)"
"269","https://gfycat.com/DizzyFavorableFlies"
"270","https://gfycat.com/DizzyFavorableFlies"
"271","/domain/gfycat.com/"
"272","https://www.reddit.com/user/AnotherCatName"
"273","https://www.reddit.com/r/Overwatch/comments/7ej0wt/when_mercy_and_moira_work_together/"
"274","javascript: void 0;"
"275","#"
"276","javascript:void(0)"
"277","javascript:void(0)"
"278","https://gfycat.com/BlindThreadbareAfricanclawedfrog"
"279","https://gfycat.com/BlindThreadbareAfricanclawedfrog"
"280","/domain/gfycat.com/"
"281","https://www.reddit.com/user/zumoro"
"282","https://www.reddit.com/r/Overwatch/comments/7elu36/indeed_tracer_lets_try_that_again/"
"283","javascript: void 0;"
"284","#"
"285","javascript:void(0)"
"286","javascript:void(0)"
"287","https://gfycat.com/UnlawfulMildEthiopianwolf"
"288","https://gfycat.com/UnlawfulMildEthiopianwolf"
"289","/domain/gfycat.com/"
"290","https://www.reddit.com/user/Havannaz"
"291","https://www.reddit.com/r/Overwatch/comments/7eh4yp/5v6_but_you_refuse_to_give_up/"
"292","javascript: void 0;"
"293","#"
"294","javascript:void(0)"
"295","javascript:void(0)"
"296","/r/Overwatch/comments/7egbkn/to_all_you_haters_out_there_that_say_mercys_cant/"
"297","/r/Overwatch/comments/7egbkn/to_all_you_haters_out_there_that_say_mercys_cant/"
"298","/r/Overwatch/"
"299","https://www.reddit.com/user/finitecapacity"
"300","https://www.reddit.com/r/Overwatch/comments/7egbkn/to_all_you_haters_out_there_that_say_mercys_cant/"
"301","javascript: void 0;"
"302","#"
"303","javascript:void(0)"
"304","javascript:void(0)"
"305","/r/Overwatch/comments/7ehv5h/doomfisted_is_the_new_term_for_nerfed/"
"306","/r/Overwatch/comments/7ehv5h/doomfisted_is_the_new_term_for_nerfed/"
"307","/r/Overwatch/"
"308","https://www.reddit.com/user/Yugen2935"
"309","https://www.reddit.com/r/Overwatch/comments/7ehv5h/doomfisted_is_the_new_term_for_nerfed/"
"310","javascript: void 0;"
"311","#"
"312","javascript:void(0)"
"313","javascript:void(0)"
"314","http://www.pcgamer.com/belgium-says-loot-boxes-are-gambling-wants-them-banned-in-europe/?utm_content=buffere78bc&utm_medium=social&utm_source=twitter&utm_campaign=buffer-pcgamertw"
"315","http://www.pcgamer.com/belgium-says-loot-boxes-are-gambling-wants-them-banned-in-europe/?utm_content=buffere78bc&utm_medium=social&utm_source=twitter&utm_campaign=buffer-pcgamertw"
"316","/domain/pcgamer.com/"
"317","https://www.reddit.com/user/munsas"
"318","https://www.reddit.com/r/Overwatch/comments/7em12g/belgium_says_loot_boxes_are_gambling_wants_them/"
"319","javascript: void 0;"
"320","#"
"321","javascript:void(0)"
"322","javascript:void(0)"
"323","/r/Overwatch/comments/7ehlrl/please_let_the_moira_nerf_be_a_bug/"
"324","/r/Overwatch/comments/7ehlrl/please_let_the_moira_nerf_be_a_bug/"
"325","/r/Overwatch/"
"326","https://www.reddit.com/user/GirthyLog"
"327","https://www.reddit.com/r/Overwatch/comments/7ehlrl/please_let_the_moira_nerf_be_a_bug/"
"328","javascript: void 0;"
"329","#"
"330","javascript:void(0)"
"331","javascript:void(0)"
"332","/r/Overwatch/comments/7el264/bug_fix_moira_can_now_target_torb_turrets_with/"
"333","/r/Overwatch/comments/7el264/bug_fix_moira_can_now_target_torb_turrets_with/"
"334","/r/Overwatch/"
"335","https://www.reddit.com/user/AAAkabob"
"336","/user/AAAkabob"
"337","https://www.reddit.com/r/Overwatch/comments/7el264/bug_fix_moira_can_now_target_torb_turrets_with/"
"338","javascript: void 0;"
"339","#"
"340","javascript:void(0)"
"341","javascript:void(0)"
"342","https://www.reddit.com/r/Overwatch/comments/6v4l4r/super_crazy_leak/dlxkl5u/"
"343","https://www.reddit.com/r/Overwatch/comments/6v4l4r/super_crazy_leak/dlxkl5u/"
"344","/domain/reddit.com/"
"345","https://www.reddit.com/user/Nezzatic"
"346","https://www.reddit.com/r/Overwatch/comments/7ejt4h/someone_leaked_blizzard_worlds_release_three/"
"347","javascript: void 0;"
"348","#"
"349","javascript:void(0)"
"350","javascript:void(0)"
"351","https://gfycat.com/gifs/detail/ThoroughUnconsciousAlabamamapturtle"
"352","https://gfycat.com/gifs/detail/ThoroughUnconsciousAlabamamapturtle"
"353","/domain/gfycat.com/"
"354","https://www.reddit.com/user/lefebo"
"355","https://www.reddit.com/r/Overwatch/comments/7eh7wc/the_best_attraction_of_blizzard_world_is_in_the/"
"356","javascript: void 0;"
"357","#"
"358","javascript:void(0)"
"359","javascript:void(0)"
"360","/r/Overwatch/comments/7emxhn/yesterday_was_my_first_time_playing_overwatch/"
"361","/r/Overwatch/comments/7emxhn/yesterday_was_my_first_time_playing_overwatch/"
"362","/r/Overwatch/"
"363","https://www.reddit.com/user/SweetnessTheWarlock"
"364","https://www.reddit.com/r/Overwatch/comments/7emxhn/yesterday_was_my_first_time_playing_overwatch/"
"365","javascript: void 0;"
"366","#"
"367","javascript:void(0)"
"368","javascript:void(0)"
"369","/r/Overwatch/comments/7eksrj/i_truly_dont_feel_like_moiras_nerfs_should_go/"
"370","/r/Overwatch/comments/7eksrj/i_truly_dont_feel_like_moiras_nerfs_should_go/"
"371","/r/Overwatch/"
"372","https://www.reddit.com/user/bostonterrier22"
"373","https://www.reddit.com/r/Overwatch/comments/7eksrj/i_truly_dont_feel_like_moiras_nerfs_should_go/"
"374","javascript: void 0;"
"375","#"
"376","javascript:void(0)"
"377","javascript:void(0)"
"378","https://www.reddit.com/r/Overwatch/?count=25&after=t3_7eksrj"
"379","https://www.reddit.com/blog/"
"380","https://about.reddit.com/"
"381","https://www.reddit.com/advertising/"
"382","https://about.reddit.com/careers/"
"383","https://www.reddit.com/rules/"
"384","https://www.reddithelp.com"
"385","https://www.reddit.com/wiki/"
"386","https://www.reddit.com/wiki/reddiquette/"
"387","https://www.reddit.com/help/healthycommunities/"
"388","https://www.reddit.com/contact/"
"389","https://itunes.apple.com/us/app/reddit-the-official-app/id1064216828?mt=8"
"390","https://play.google.com/store/apps/details?id=com.reddit.frontpage"
"391","#"
"392","https://www.reddit.com/buttons/"
"393","https://www.reddit.com/gold/about/"
"394","http://redditgifts.com"
"395","https://www.reddit.com/help/useragreement"
"396","https://www.reddit.com/help/privacypolicy"
"397","/advertising"
